{
  "id": "1738405",
  "name": "mask",
  "font_family": "iconfont",
  "css_prefix_text": "icon-",
  "description": "",
  "glyphs": [
    {
      "icon_id": "11554479",
      "name": "登录",
      "font_class": "denglu",
      "unicode": "e601",
      "unicode_decimal": 58881
    },
    {
      "icon_id": "11738115",
      "name": "退出登录",
      "font_class": "tuichudenglu",
      "unicode": "e60f",
      "unicode_decimal": 58895
    },
    {
      "icon_id": "5342983",
      "name": "订单",
      "font_class": "xingzhuanggongnengtubiao-",
      "unicode": "e61c",
      "unicode_decimal": 58908
    },
    {
      "icon_id": "9982142",
      "name": "订单",
      "font_class": "dingdan",
      "unicode": "e62c",
      "unicode_decimal": 58924
    },
    {
      "icon_id": "2391626",
      "name": "竞价",
      "font_class": "jingjia",
      "unicode": "e611",
      "unicode_decimal": 58897
    },
    {
      "icon_id": "9096783",
      "name": "需求",
      "font_class": "xuqiu",
      "unicode": "e60e",
      "unicode_decimal": 58894
    },
    {
      "icon_id": "11486001",
      "name": "达成",
      "font_class": "dacheng",
      "unicode": "e62d",
      "unicode_decimal": 58925
    },
    {
      "icon_id": "12236924",
      "name": "支付",
      "font_class": "icon1",
      "unicode": "e600",
      "unicode_decimal": 58880
    },
    {
      "icon_id": "12516007",
      "name": "确认 圆 正确 对勾 提交 成功 完成",
      "font_class": "querenyuanzhengqueduigoutijiaochenggongwancheng",
      "unicode": "e640",
      "unicode_decimal": 58944
    },
    {
      "icon_id": "7672607",
      "name": "我 的",
      "font_class": "wode",
      "unicode": "e607",
      "unicode_decimal": 58887
    },
    {
      "icon_id": "751120",
      "name": "find",
      "font_class": "0201chazhao",
      "unicode": "e604",
      "unicode_decimal": 58884
    },
    {
      "icon_id": "768652",
      "name": "Releases_icon",
      "font_class": "releasesicon",
      "unicode": "e619",
      "unicode_decimal": 58905
    },
    {
      "icon_id": "5514138",
      "name": "发布",
      "font_class": "fabu",
      "unicode": "e606",
      "unicode_decimal": 58886
    },
    {
      "icon_id": "7579505",
      "name": "任务达成 ",
      "font_class": "renwudacheng",
      "unicode": "e6ca",
      "unicode_decimal": 59082
    },
    {
      "icon_id": "12736942",
      "name": "conclude",
      "font_class": "conclude",
      "unicode": "e620",
      "unicode_decimal": 58912
    }
  ]
}
