{
  "id": "1738405",
  "name": "mask",
  "font_family": "iconfont",
  "css_prefix_text": "icon-",
  "description": "",
  "glyphs": [
    {
      "icon_id": "5395592",
      "name": "卖方",
      "font_class": "mai",
      "unicode": "e61e",
      "unicode_decimal": 58910
    },
    {
      "icon_id": "12777411",
      "name": "买方",
      "font_class": "mai1",
      "unicode": "e60b",
      "unicode_decimal": 58891
    },
    {
      "icon_id": "2208197",
      "name": "达成服务",
      "font_class": "dachengfuwu",
      "unicode": "e615",
      "unicode_decimal": 58901
    },
    {
      "icon_id": "4064369",
      "name": "拼团",
      "font_class": "pintuan",
      "unicode": "e60a",
      "unicode_decimal": 58890
    },
    {
      "icon_id": "5352978",
      "name": "订单详情拼团成功",
      "font_class": "dingdanxiangqingpintuanchenggong",
      "unicode": "e61d",
      "unicode_decimal": 58909
    },
    {
      "icon_id": "13430783",
      "name": "订购",
      "font_class": "dinggou",
      "unicode": "e627",
      "unicode_decimal": 58919
    },
    {
      "icon_id": "6413420",
      "name": "icon发布中",
      "font_class": "iconfabuzhong",
      "unicode": "e63d",
      "unicode_decimal": 58941
    },
    {
      "icon_id": "6136307",
      "name": "已达成",
      "font_class": "yidacheng",
      "unicode": "e610",
      "unicode_decimal": 58896
    },
    {
      "icon_id": "9022448",
      "name": "订货",
      "font_class": "dinghuo",
      "unicode": "e6dc",
      "unicode_decimal": 59100
    },
    {
      "icon_id": "9571325",
      "name": "供货",
      "font_class": "gonghuo",
      "unicode": "e62e",
      "unicode_decimal": 58926
    },
    {
      "icon_id": "12514248",
      "name": "待确认订单",
      "font_class": "daiquerendingdan",
      "unicode": "e61b",
      "unicode_decimal": 58907
    },
    {
      "icon_id": "12723047",
      "name": "待提交",
      "font_class": "juxing",
      "unicode": "e677",
      "unicode_decimal": 58999
    },
    {
      "icon_id": "13209687",
      "name": "待确认",
      "font_class": "icon-test2",
      "unicode": "e609",
      "unicode_decimal": 58889
    },
    {
      "icon_id": "10302732",
      "name": "暂无数据",
      "font_class": "icon",
      "unicode": "e608",
      "unicode_decimal": 58888
    },
    {
      "icon_id": "7817942",
      "name": "已收货",
      "font_class": "yishouhuo",
      "unicode": "e605",
      "unicode_decimal": 58885
    },
    {
      "icon_id": "4464433",
      "name": "报价",
      "font_class": "zhukongtailiuchengicon-",
      "unicode": "e719",
      "unicode_decimal": 59161
    },
    {
      "icon_id": "4653298",
      "name": "已交货",
      "font_class": "yijiaohuo",
      "unicode": "e6c1",
      "unicode_decimal": 59073
    },
    {
      "icon_id": "5371648",
      "name": "待交货",
      "font_class": "daijiaohuo",
      "unicode": "e64c",
      "unicode_decimal": 58956
    },
    {
      "icon_id": "5810339",
      "name": "待支付",
      "font_class": "daizhifu",
      "unicode": "e638",
      "unicode_decimal": 58936
    },
    {
      "icon_id": "9938413",
      "name": "订单",
      "font_class": "icon-",
      "unicode": "e602",
      "unicode_decimal": 58882
    },
    {
      "icon_id": "10353145",
      "name": "完成",
      "font_class": "chenggong",
      "unicode": "e603",
      "unicode_decimal": 58883
    },
    {
      "icon_id": "11619079",
      "name": "已交货",
      "font_class": "yijiaohuo1",
      "unicode": "e664",
      "unicode_decimal": 58980
    },
    {
      "icon_id": "11554479",
      "name": "登录",
      "font_class": "denglu",
      "unicode": "e601",
      "unicode_decimal": 58881
    },
    {
      "icon_id": "11738115",
      "name": "退出登录",
      "font_class": "tuichudenglu",
      "unicode": "e60f",
      "unicode_decimal": 58895
    },
    {
      "icon_id": "5342983",
      "name": "订单",
      "font_class": "xingzhuanggongnengtubiao-",
      "unicode": "e61c",
      "unicode_decimal": 58908
    },
    {
      "icon_id": "9982142",
      "name": "订单",
      "font_class": "dingdan",
      "unicode": "e62c",
      "unicode_decimal": 58924
    },
    {
      "icon_id": "2391626",
      "name": "竞价",
      "font_class": "jingjia",
      "unicode": "e611",
      "unicode_decimal": 58897
    },
    {
      "icon_id": "9096783",
      "name": "需求",
      "font_class": "xuqiu",
      "unicode": "e60e",
      "unicode_decimal": 58894
    },
    {
      "icon_id": "11486001",
      "name": "达成",
      "font_class": "dacheng",
      "unicode": "e62d",
      "unicode_decimal": 58925
    },
    {
      "icon_id": "12236924",
      "name": "支付",
      "font_class": "icon1",
      "unicode": "e600",
      "unicode_decimal": 58880
    },
    {
      "icon_id": "12516007",
      "name": "确认 圆 正确 对勾 提交 成功 完成",
      "font_class": "querenyuanzhengqueduigoutijiaochenggongwancheng",
      "unicode": "e640",
      "unicode_decimal": 58944
    },
    {
      "icon_id": "7672607",
      "name": "我 的",
      "font_class": "wode",
      "unicode": "e607",
      "unicode_decimal": 58887
    },
    {
      "icon_id": "751120",
      "name": "find",
      "font_class": "0201chazhao",
      "unicode": "e604",
      "unicode_decimal": 58884
    },
    {
      "icon_id": "768652",
      "name": "Releases_icon",
      "font_class": "releasesicon",
      "unicode": "e619",
      "unicode_decimal": 58905
    },
    {
      "icon_id": "5514138",
      "name": "发布",
      "font_class": "fabu",
      "unicode": "e606",
      "unicode_decimal": 58886
    },
    {
      "icon_id": "7579505",
      "name": "任务达成 ",
      "font_class": "renwudacheng",
      "unicode": "e6ca",
      "unicode_decimal": 59082
    },
    {
      "icon_id": "12736942",
      "name": "conclude",
      "font_class": "conclude",
      "unicode": "e620",
      "unicode_decimal": 58912
    }
  ]
}
